id_venda,produto,quantidade,preco_unitario,data_venda
1,Calça,4,99.90,15/09/2026
2,Camiseta,3,49.90,22/09/2026
3,Tênis,5,699.90,16/09/2026
4,Calça,4,99.90,24/09/2026
5,Calça,5,99.90,30/09/2026
6,Calça,3,99.90,24/09/2026
7,Tênis,5,699.90,16/09/2026
8,Calça,3,99.90,24/09/2026
9,Camiseta,4,49.90,03/09/2026
10,Camiseta,1,49.90,30/09/2026
11,Camiseta,2,49.90,08/09/2026
12,Tênis,5,699.90,12/09/2026
13,Camiseta,5,49.90,08/09/2026
14,Camiseta,5,49.90,28/09/2026
15,Tênis,5,699.90,28/09/2026
16,Tênis,3,699.90,03/09/2026
17,Calça,2,99.90,13/09/2026
18,Camiseta,3,49.90,19/09/2026
19,Calça,1,99.90,17/09/2026
20,Tênis,5,699.90,18/09/2026
21,Calça,2,99.90,27/09/2026
22,Camiseta,1,49.90,08/09/2026
23,Calça,5,99.90,26/09/2026
24,Tênis,2,699.90,12/09/2026
25,Camiseta,3,49.90,06/09/2026
26,Tênis,4,699.90,29/09/2026
27,Camiseta,2,49.90,27/09/2026
28,Calça,3,99.90,20/09/2026
29,Camiseta,1,49.90,10/09/2026
30,Tênis,1,699.90,11/09/2026
31,Camiseta,1,49.90,17/09/2026
32,Calça,3,99.90,21/09/2026
33,Camiseta,2,49.90,19/09/2026
34,Calça,5,99.90,20/09/2026
35,Calça,2,99.90,08/09/2026
36,Tênis,3,699.90,20/09/2026
37,Camiseta,1,49.90,21/09/2026
38,Tênis,5,699.90,03/09/2026
39,Calça,1,99.90,16/09/2026
40,Tênis,1,699.90,14/09/2026
41,Tênis,2,699.90,17/09/2026
42,Camiseta,4,49.90,04/09/2026
43,Camiseta,5,49.90,13/09/2026
44,Camiseta,5,49.90,23/09/2026
45,Camiseta,2,49.90,07/09/2026
46,Camiseta,3,49.90,25/09/2026
47,Calça,2,99.90,01/09/2026
48,Tênis,4,699.90,01/09/2026
49,Tênis,1,699.90,30/09/2026
50,Camiseta,2,49.90,10/09/2026
